precision,recall,f1-score,support
0.8235294117647058,0.8175182481751825,0.8205128205128205,137.0
0.8536585365853658,0.8536585365853658,0.8536585365853658,82.0
0.7066666666666667,0.6973684210526315,0.7019867549668874,76.0
0.8426966292134831,0.8426966292134831,0.8426966292134831,89.0
0.900709219858156,0.8698630136986302,0.8850174216027874,146.0
0.7619047619047619,0.8057553956834532,0.7832167832167832,139.0
1.0,0.8333333333333334,0.9090909090909091,6.0
0.8207407407407408,0.8207407407407408,0.8207407407407408,0.8207407407407408
0.8413093179990199,0.8171705111060115,0.8280256935984339,675.0
0.8221311171592357,0.8207407407407408,0.8211784765384078,675.0
